Workbook

Sheet Participantes
A1: Código | B1: Papel na Comissão | C1: Experiência com sistemas (1 a 5) | D1: Já participou de comissão de seleção? (sim/não) | E1: Data do teste | F1: Moderador(a) | G1: Observações
A2: P1
A3: P2
A4: P3
A5: P4
A6: P5

Sheet Tarefas
A1: Participante | B1: Tarefa | C1: Tempo-alvo (min) | D1: Tempo (mm:ss) | E1: Tempo (min) | F1: Sucesso (sim/parcial/não) | G1: Erros (quantidade) | H1: Pedidos de ajuda | I1: Erros observados | J1: Dúvidas e comentários | K1: Severidade do problema (alta/média/baixa)
A2: P1 | B2: T1 — Abrir a sessão da Comissão | C2: 3 | E2: =IF(D2="","",(VALUE(LEFT(D2,FIND(":",D2)-1))*60+VALUE(MID(D2,FIND(":",D2)+1,2)))/60)
A3: P1 | B3: T2 — Registrar a admissibilidade de uma proposta | C3: 4 | E3: =IF(D3="","",(VALUE(LEFT(D3,FIND(":",D3)-1))*60+VALUE(MID(D3,FIND(":",D3)+1,2)))/60)
A4: P1 | B4: T3 — Avaliar um subcritério da D1 e projetá-lo no telão | C4: 3 | E4: =IF(D4="","",(VALUE(LEFT(D4,FIND(":",D4)-1))*60+VALUE(MID(D4,FIND(":",D4)+1,2)))/60)
A5: P1 | B5: T4 — Cadastrar uma experiência da D2 e conferir a memória de cálculo | C5: 5 | E5: =IF(D5="","",(VALUE(LEFT(D5,FIND(":",D5)-1))*60+VALUE(MID(D5,FIND(":",D5)+1,2)))/60)
A6: P1 | B6: T5 — Concluir a proposta e gerar a minuta da ata | C6: 3 | E6: =IF(D6="","",(VALUE(LEFT(D6,FIND(":",D6)-1))*60+VALUE(MID(D6,FIND(":",D6)+1,2)))/60)
A7: P2 | B7: T1 — Abrir a sessão da Comissão | C7: 3 | E7: =IF(D7="","",(VALUE(LEFT(D7,FIND(":",D7)-1))*60+VALUE(MID(D7,FIND(":",D7)+1,2)))/60)
A8: P2 | B8: T2 — Registrar a admissibilidade de uma proposta | C8: 4 | E8: =IF(D8="","",(VALUE(LEFT(D8,FIND(":",D8)-1))*60+VALUE(MID(D8,FIND(":",D8)+1,2)))/60)
A9: P2 | B9: T3 — Avaliar um subcritério da D1 e projetá-lo no telão | C9: 3 | E9: =IF(D9="","",(VALUE(LEFT(D9,FIND(":",D9)-1))*60+VALUE(MID(D9,FIND(":",D9)+1,2)))/60)
A10: P2 | B10: T4 — Cadastrar uma experiência da D2 e conferir a memória de cálculo | C10: 5 | E10: =IF(D10="","",(VALUE(LEFT(D10,FIND(":",D10)-1))*60+VALUE(MID(D10,FIND(":",D10)+1,2)))/60)
A11: P2 | B11: T5 — Concluir a proposta e gerar a minuta da ata | C11: 3 | E11: =IF(D11="","",(VALUE(LEFT(D11,FIND(":",D11)-1))*60+VALUE(MID(D11,FIND(":",D11)+1,2)))/60)
A12: P3 | B12: T1 — Abrir a sessão da Comissão | C12: 3 | E12: =IF(D12="","",(VALUE(LEFT(D12,FIND(":",D12)-1))*60+VALUE(MID(D12,FIND(":",D12)+1,2)))/60)
A13: P3 | B13: T2 — Registrar a admissibilidade de uma proposta | C13: 4 | E13: =IF(D13="","",(VALUE(LEFT(D13,FIND(":",D13)-1))*60+VALUE(MID(D13,FIND(":",D13)+1,2)))/60)
... A26: P5 | B26: T5 — Concluir a proposta e gerar a minuta da ata | C26: 3 | E26: =IF(D26="","",(VALUE(LEFT(D26,FIND(":",D26)-1))*60+VALUE(MID(D26,FIND(":",D26)+1,2)))/60)

Sheet SUS
A1: Participante | B1: Q1 | C1: Q2 | D1: Q3 | E1: Q4 | F1: Q5 | G1: Q6 | H1: Q7 | I1: Q8 | J1: Q9 | K1: Q10 | L1: Nota SUS (0–100)
A2: P1 | L2: =IF(COUNT(B2:K2)<10,"",((B2-1)+(D2-1)+(F2-1)+(H2-1)+(J2-1)+(5-C2)+(5-E2)+(5-G2)+(5-I2)+(5-K2))*2.5)
A3: P2 | L3: =IF(COUNT(B3:K3)<10,"",((B3-1)+(D3-1)+(F3-1)+(H3-1)+(J3-1)+(5-C3)+(5-E3)+(5-G3)+(5-I3)+(5-K3))*2.5)
A4: P3 | L4: =IF(COUNT(B4:K4)<10,"",((B4-1)+(D4-1)+(F4-1)+(H4-1)+(J4-1)+(5-C4)+(5-E4)+(5-G4)+(5-I4)+(5-K4))*2.5)
A5: P4 | L5: =IF(COUNT(B5:K5)<10,"",((B5-1)+(D5-1)+(F5-1)+(H5-1)+(J5-1)+(5-C5)+(5-E5)+(5-G5)+(5-I5)+(5-K5))*2.5)
A6: P5 | L6: =IF(COUNT(B6:K6)<10,"",((B6-1)+(D6-1)+(F6-1)+(H6-1)+(J6-1)+(5-C6)+(5-E6)+(5-G6)+(5-I6)+(5-K6))*2.5)
A8: Escala: 1 = discordo totalmente … 5 = concordo totalmente.
A9: Q1 | B9: Eu acho que gostaria de usar este sistema com frequência.
A10: Q2 | B10: Eu acho o sistema desnecessariamente complexo.
A11: Q3 | B11: Eu achei o sistema fácil de usar.
A12: Q4 | B12: Eu acho que precisaria de ajuda de uma pessoa com conhecimentos técnicos para usar o sistema.
A13: Q5 | B13: Eu acho que as várias funções do sistema estão muito bem integradas.
A14: Q6 | B14: Eu acho que o sistema apresenta muita inconsistência.
A15: Q7 | B15: Eu imagino que as pessoas aprenderão a usar este sistema rapidamente.
A16: Q8 | B16: Eu achei o sistema atrapalhado de usar.
A17: Q9 | B17: Eu me senti confiante ao usar o sistema.
A18: Q10 | B18: Eu precisei aprender várias coisas novas antes de conseguir usar o sistema.

Sheet Resumo
A1: Tarefa | B1: Tempo-alvo (min) | C1: Tempo médio (min) | D1: Taxa de sucesso (sim) | E1: Erros (média) | F1: Pedidos de ajuda (total)
A2: T1 — Abrir a sessão da Comissão | B2: 3 | C2: =IFERROR(AVERAGEIF(Tarefas!B2:B26,A2,Tarefas!E2:E26),"") | D2: =IFERROR(COUNTIFS(Tarefas!B2:B26,A2,Tarefas!F2:F26,"sim")/COUNTIFS(Tarefas!B2:B26,A2,Tarefas!F2:F26,"<>"),"") | E2: =IFERROR(AVERAGEIF(Tarefas!B2:B26,A2,Tarefas!G2:G26),"") | F2: =SUMIF(Tarefas!B2:B26,A2,Tarefas!H2:H26)
A3: T2 — Registrar a admissibilidade de uma proposta | B3: 4 | C3: =IFERROR(AVERAGEIF(Tarefas!B2:B26,A3,Tarefas!E2:E26),"") | D3: =IFERROR(COUNTIFS(Tarefas!B2:B26,A3,Tarefas!F2:F26,"sim")/COUNTIFS(Tarefas!B2:B26,A3,Tarefas!F2:F26,"<>"),"") | E3: =IFERROR(AVERAGEIF(Tarefas!B2:B26,A3,Tarefas!G2:G26),"") | F3: =SUMIF(Tarefas!B2:B26,A3,Tarefas!H2:H26)
A4: T3 — Avaliar um subcritério da D1 e projetá-lo no telão | B4: 3 | C4: =IFERROR(AVERAGEIF(Tarefas!B2:B26,A4,Tarefas!E2:E26),"") | D4: =IFERROR(COUNTIFS(Tarefas!B2:B26,A4,Tarefas!F2:F26,"sim")/COUNTIFS(Tarefas!B2:B26,A4,Tarefas!F2:F26,"<>"),"") | E4: =IFERROR(AVERAGEIF(Tarefas!B2:B26,A4,Tarefas!G2:G26),"") | F4: =SUMIF(Tarefas!B2:B26,A4,Tarefas!H2:H26)
A5: T4 — Cadastrar uma experiência da D2 e conferir a memória de cálculo | B5: 5 | C5: =IFERROR(AVERAGEIF(Tarefas!B2:B26,A5,Tarefas!E2:E26),"") | D5: =IFERROR(COUNTIFS(Tarefas!B2:B26,A5,Tarefas!F2:F26,"sim")/COUNTIFS(Tarefas!B2:B26,A5,Tarefas!F2:F26,"<>"),"") | E5: =IFERROR(AVERAGEIF(Tarefas!B2:B26,A5,Tarefas!G2:G26),"") | F5: =SUMIF(Tarefas!B2:B26,A5,Tarefas!H2:H26)
A6: T5 — Concluir a proposta e gerar a minuta da ata | B6: 3 | C6: =IFERROR(AVERAGEIF(Tarefas!B2:B26,A6,Tarefas!E2:E26),"") | D6: =IFERROR(COUNTIFS(Tarefas!B2:B26,A6,Tarefas!F2:F26,"sim")/COUNTIFS(Tarefas!B2:B26,A6,Tarefas!F2:F26,"<>"),"") | E6: =IFERROR(AVERAGEIF(Tarefas!B2:B26,A6,Tarefas!G2:G26),"") | F6: =SUMIF(Tarefas!B2:B26,A6,Tarefas!H2:H26)
A8: SUS médio (meta ≥ 68; ≥ 80 = muito bom) | C8: =IFERROR(AVERAGE(SUS!L2:L6),"")
